{
	"status": "200",
	"statusText": "200 No Error",
	"headers": "",
	"responseText": "{\"data\":{\"inserts\":{\"ReportDashboard\":[{\"APPLICATION\":\"81-FRS\",\"TIMESLOT\":\"0:00 to 1:00\",\"CREATIONSLOT\":0,\"STATUS\":\"Completed\"},{\"APPLICATION\":\"81-FRS\",\"TIMESLOT\":\"0:00 to 1:00\",\"CREATIONSLOT\":0,\"STATUS\":\"Completed\"},{\"APPLICATION\":\"81-FRS\",\"TIMESLOT\":\"0:00 to 1:00\",\"CREATIONSLOT\":0,\"STATUS\":\"Completed\"},{\"APPLICATION\":\"81-FRS\",\"TIMESLOT\":\"0:00 to 1:00\",\"CREATIONSLOT\":0,\"STATUS\":\"Completed\"},{\"APPLICATION\":\"81-FRS\",\"TIMESLOT\":\"0:00 to 1:00\",\"CREATIONSLOT\":0,\"STATUS\":\"Completed\"},{\"APPLICATION\":\"81-FRS\",\"TIMESLOT\":\"1:00 to 2:00\",\"CREATIONSLOT\":1,\"STATUS\":\"Completed\"},{\"APPLICATION\":\"81-FRS\",\"TIMESLOT\":\"1:00 to 2:00\",\"CREATIONSLOT\":1,\"STATUS\":\"Completed\"},{\"APPLICATION\":\"81-FRS\",\"TIMESLOT\":\"1:00 to 2:00\",\"CREATIONSLOT\":1,\"STATUS\":\"Completed\"},{\"APPLICATION\":\"81-FRS\",\"TIMESLOT\":\"1:00 to 2:00\",\"CREATIONSLOT\":1,\"STATUS\":\"Completed\"},{\"APPLICATION\":\"81-FRS\",\"TIMESLOT\":\"2:00 to 3:00\",\"CREATIONSLOT\":2,\"STATUS\":\"Completed\"},{\"APPLICATION\":\"81-FRS\",\"TIMESLOT\":\"2:00 to 3:00\",\"CREATIONSLOT\":2,\"STATUS\":\"Completed\"},{\"APPLICATION\":\"81-FRS\",\"TIMESLOT\":\"2:00 to 3:00\",\"CREATIONSLOT\":2,\"STATUS\":\"Completed\"},{\"APPLICATION\":\"81-FRS\",\"TIMESLOT\":\"2:00 to 3:00\",\"CREATIONSLOT\":2,\"STATUS\":\"Completed\"},{\"APPLICATION\":\"16-BAW Reporting\",\"TIMESLOT\":\"2:00 to 3:00\",\"CREATIONSLOT\":2,\"STATUS\":\"Completed\"},{\"APPLICATION\":\"32-CLEMS\",\"TIMESLOT\":\"2:00 to 3:00\",\"CREATIONSLOT\":2,\"STATUS\":\"Completed\"},{\"APPLICATION\":\"32-CLEMS\",\"TIMESLOT\":\"2:00 to 3:00\",\"CREATIONSLOT\":2,\"STATUS\":\"Completed\"},{\"APPLICATION\":\"16-BAW Reporting\",\"TIMESLOT\":\"2:00 to 3:00\",\"CREATIONSLOT\":2,\"STATUS\":\"Completed\"},{\"APPLICATION\":\"16-BAW Reporting\",\"TIMESLOT\":\"2:00 to 3:00\",\"CREATIONSLOT\":2,\"STATUS\":\"Completed\"},{\"APPLICATION\":\"16-BAW Reporting\",\"TIMESLOT\":\"2:00 to 3:00\",\"CREATIONSLOT\":2,\"STATUS\":\"Completed\"},{\"APPLICATION\":\"81-FRS\",\"TIMESLOT\":\"4:00 to 5:00\",\"CREATIONSLOT\":4,\"STATUS\":\"Completed\"},{\"APPLICATION\":\"81-FRS\",\"TIMESLOT\":\"4:00 to 5:00\",\"CREATIONSLOT\":4,\"STATUS\":\"Completed\"},{\"APPLICATION\":\"81-FRS\",\"TIMESLOT\":\"4:00 to 5:00\",\"CREATIONSLOT\":4,\"STATUS\":\"Completed\"},{\"APPLICATION\":\"81-FRS\",\"TIMESLOT\":\"4:00 to 5:00\",\"CREATIONSLOT\":4,\"STATUS\":\"Completed\"},{\"APPLICATION\":\"81-FRS\",\"TIMESLOT\":\"4:00 to 5:00\",\"CREATIONSLOT\":4,\"STATUS\":\"Completed\"},{\"APPLICATION\":\"81-FRS\",\"TIMESLOT\":\"4:00 to 5:00\",\"CREATIONSLOT\":4,\"STATUS\":\"Completed\"},{\"APPLICATION\":\"1-Finance Backbone\",\"TIMESLOT\":\"5:00 to 6:00\",\"CREATIONSLOT\":5,\"STATUS\":\"Completed\"},{\"APPLICATION\":\"1-Finance Backbone\",\"TIMESLOT\":\"5:00 to 6:00\",\"CREATIONSLOT\":5,\"STATUS\":\"Completed\"},{\"APPLICATION\":\"42-Pearl Reporting Universe\",\"TIMESLOT\":\"5:00 to 6:00\",\"CREATIONSLOT\":5,\"STATUS\":\"Failed\"},{\"APPLICATION\":\"42-Pearl Reporting Universe\",\"TIMESLOT\":\"5:00 to 6:00\",\"CREATIONSLOT\":5,\"STATUS\":\"Failed\"},{\"APPLICATION\":\"42-Pearl Reporting Universe\",\"TIMESLOT\":\"5:00 to 6:00\",\"CREATIONSLOT\":5,\"STATUS\":\"Failed\"},{\"APPLICATION\":\"42-Pearl Reporting Universe\",\"TIMESLOT\":\"5:00 to 6:00\",\"CREATIONSLOT\":5,\"STATUS\":\"Failed\"},{\"APPLICATION\":\"42-Pearl Reporting Universe\",\"TIMESLOT\":\"5:00 to 6:00\",\"CREATIONSLOT\":5,\"STATUS\":\"Failed\"},{\"APPLICATION\":\"42-Pearl Reporting Universe\",\"TIMESLOT\":\"6:00 to 7:00\",\"CREATIONSLOT\":6,\"STATUS\":\"Failed\"},{\"APPLICATION\":\"36-Pearl Controller Reporting\",\"TIMESLOT\":\"6:00 to 7:00\",\"CREATIONSLOT\":6,\"STATUS\":\"Failed\"},{\"APPLICATION\":\"42-Pearl Reporting Universe\",\"TIMESLOT\":\"6:00 to 7:00\",\"CREATIONSLOT\":6,\"STATUS\":\"Failed\"},{\"APPLICATION\":\"42-Pearl Reporting Universe\",\"TIMESLOT\":\"6:00 to 7:00\",\"CREATIONSLOT\":6,\"STATUS\":\"Failed\"},{\"APPLICATION\":\"81-FRS\",\"TIMESLOT\":\"6:00 to 7:00\",\"CREATIONSLOT\":6,\"STATUS\":\"Completed\"},{\"APPLICATION\":\"42-Pearl Reporting Universe\",\"TIMESLOT\":\"6:00 to 7:00\",\"CREATIONSLOT\":6,\"STATUS\":\"Failed\"},{\"APPLICATION\":\"42-Pearl Reporting Universe\",\"TIMESLOT\":\"6:00 to 7:00\",\"CREATIONSLOT\":6,\"STATUS\":\"Failed\"},{\"APPLICATION\":\"102-Journal Data Lake\",\"TIMESLOT\":\"6:00 to 7:00\",\"CREATIONSLOT\":6,\"STATUS\":\"Failed\"},{\"APPLICATION\":\"95-Global Liquidity Reporting System\",\"TIMESLOT\":\"6:00 to 7:00\",\"CREATIONSLOT\":6,\"STATUS\":\"Completed\"},{\"APPLICATION\":\"1-Finance Backbone\",\"TIMESLOT\":\"6:00 to 7:00\",\"CREATIONSLOT\":6,\"STATUS\":\"Completed\"},{\"APPLICATION\":\"1-Finance Backbone\",\"TIMESLOT\":\"6:00 to 7:00\",\"CREATIONSLOT\":6,\"STATUS\":\"Completed\"},{\"APPLICATION\":\"81-FRS\",\"TIMESLOT\":\"6:00 to 7:00\",\"CREATIONSLOT\":6,\"STATUS\":\"Completed\"},{\"APPLICATION\":\"1-Finance Backbone\",\"TIMESLOT\":\"6:00 to 7:00\",\"CREATIONSLOT\":6,\"STATUS\":\"Completed\"},{\"APPLICATION\":\"1-Finance Backbone\",\"TIMESLOT\":\"6:00 to 7:00\",\"CREATIONSLOT\":6,\"STATUS\":\"Completed\"},{\"APPLICATION\":\"1-Finance Backbone\",\"TIMESLOT\":\"6:00 to 7:00\",\"CREATIONSLOT\":6,\"STATUS\":\"Completed\"},{\"APPLICATION\":\"81-FRS\",\"TIMESLOT\":\"6:00 to 7:00\",\"CREATIONSLOT\":6,\"STATUS\":\"Completed\"},{\"APPLICATION\":\"1-Finance Backbone\",\"TIMESLOT\":\"6:00 to 7:00\",\"CREATIONSLOT\":6,\"STATUS\":\"Completed\"},{\"APPLICATION\":\"1-Finance Backbone\",\"TIMESLOT\":\"6:00 to 7:00\",\"CREATIONSLOT\":6,\"STATUS\":\"Completed\"},{\"APPLICATION\":\"81-FRS\",\"TIMESLOT\":\"6:00 to 7:00\",\"CREATIONSLOT\":6,\"STATUS\":\"Completed\"},{\"APPLICATION\":\"81-FRS\",\"TIMESLOT\":\"6:00 to 7:00\",\"CREATIONSLOT\":6,\"STATUS\":\"Completed\"},{\"APPLICATION\":\"81-FRS\",\"TIMESLOT\":\"6:00 to 7:00\",\"CREATIONSLOT\":6,\"STATUS\":\"Completed\"},{\"APPLICATION\":\"81-FRS\",\"TIMESLOT\":\"6:00 to 7:00\",\"CREATIONSLOT\":6,\"STATUS\":\"Completed\"},{\"APPLICATION\":\"1-Finance Backbone\",\"TIMESLOT\":\"6:00 to 7:00\",\"CREATIONSLOT\":6,\"STATUS\":\"Completed\"},{\"APPLICATION\":\"1-Finance Backbone\",\"TIMESLOT\":\"6:00 to 7:00\",\"CREATIONSLOT\":6,\"STATUS\":\"Failed\"},{\"APPLICATION\":\"1-Finance Backbone\",\"TIMESLOT\":\"6:00 to 7:00\",\"CREATIONSLOT\":6,\"STATUS\":\"Completed\"},{\"APPLICATION\":\"1-Finance Backbone\",\"TIMESLOT\":\"6:00 to 7:00\",\"CREATIONSLOT\":6,\"STATUS\":\"Completed\"},{\"APPLICATION\":\"42-Pearl Reporting Universe\",\"TIMESLOT\":\"6:00 to 7:00\",\"CREATIONSLOT\":6,\"STATUS\":\"Failed\"},{\"APPLICATION\":\"81-FRS\",\"TIMESLOT\":\"6:00 to 7:00\",\"CREATIONSLOT\":6,\"STATUS\":\"Completed\"},{\"APPLICATION\":\"1-Finance Backbone\",\"TIMESLOT\":\"6:00 to 7:00\",\"CREATIONSLOT\":6,\"STATUS\":\"Completed\"},{\"APPLICATION\":\"36-Pearl Controller Reporting\",\"TIMESLOT\":\"6:00 to 7:00\",\"CREATIONSLOT\":6,\"STATUS\":\"Failed\"},{\"APPLICATION\":\"1-Finance Backbone\",\"TIMESLOT\":\"6:00 to 7:00\",\"CREATIONSLOT\":6,\"STATUS\":\"Failed\"},{\"APPLICATION\":\"93-CGE\",\"TIMESLOT\":\"7:00 to 8:00\",\"CREATIONSLOT\":7,\"STATUS\":\"Completed\"},{\"APPLICATION\":\"93-CGE\",\"TIMESLOT\":\"7:00 to 8:00\",\"CREATIONSLOT\":7,\"STATUS\":\"Completed\"},{\"APPLICATION\":\"93-CGE\",\"TIMESLOT\":\"7:00 to 8:00\",\"CREATIONSLOT\":7,\"STATUS\":\"Completed\"},{\"APPLICATION\":\"93-CGE\",\"TIMESLOT\":\"7:00 to 8:00\",\"CREATIONSLOT\":7,\"STATUS\":\"Failed\"},{\"APPLICATION\":\"93-CGE\",\"TIMESLOT\":\"7:00 to 8:00\",\"CREATIONSLOT\":7,\"STATUS\":\"Failed\"},{\"APPLICATION\":\"68-DQP-Compass\",\"TIMESLOT\":\"7:00 to 8:00\",\"CREATIONSLOT\":7,\"STATUS\":\"Completed\"},{\"APPLICATION\":\"102-Journal Data Lake\",\"TIMESLOT\":\"7:00 to 8:00\",\"CREATIONSLOT\":7,\"STATUS\":\"Failed\"},{\"APPLICATION\":\"102-Journal Data Lake\",\"TIMESLOT\":\"7:00 to 8:00\",\"CREATIONSLOT\":7,\"STATUS\":\"Failed\"},{\"APPLICATION\":\"102-Journal Data Lake\",\"TIMESLOT\":\"7:00 to 8:00\",\"CREATIONSLOT\":7,\"STATUS\":\"Failed\"},{\"APPLICATION\":\"1-Finance Backbone\",\"TIMESLOT\":\"7:00 to 8:00\",\"CREATIONSLOT\":7,\"STATUS\":\"Completed\"},{\"APPLICATION\":\"63-Enterprise DQ Reporting\",\"TIMESLOT\":\"7:00 to 8:00\",\"CREATIONSLOT\":7,\"STATUS\":\"Completed\"},{\"APPLICATION\":\"81-FRS\",\"TIMESLOT\":\"7:00 to 8:00\",\"CREATIONSLOT\":7,\"STATUS\":\"Completed\"},{\"APPLICATION\":\"81-FRS\",\"TIMESLOT\":\"7:00 to 8:00\",\"CREATIONSLOT\":7,\"STATUS\":\"Completed\"},{\"APPLICATION\":\"81-FRS\",\"TIMESLOT\":\"7:00 to 8:00\",\"CREATIONSLOT\":7,\"STATUS\":\"Completed\"},{\"APPLICATION\":\"81-FRS\",\"TIMESLOT\":\"7:00 to 8:00\",\"CREATIONSLOT\":7,\"STATUS\":\"Completed\"},{\"APPLICATION\":\"93-CGE\",\"TIMESLOT\":\"7:00 to 8:00\",\"CREATIONSLOT\":7,\"STATUS\":\"Failed\"},{\"APPLICATION\":\"16-BAW Reporting\",\"TIMESLOT\":\"8:00 to 9:00\",\"CREATIONSLOT\":8,\"STATUS\":\"Failed\"},{\"APPLICATION\":\"16-BAW Reporting\",\"TIMESLOT\":\"8:00 to 9:00\",\"CREATIONSLOT\":8,\"STATUS\":\"Completed\"},{\"APPLICATION\":\"36-Pearl Controller Reporting\",\"TIMESLOT\":\"8:00 to 9:00\",\"CREATIONSLOT\":8,\"STATUS\":\"Completed\"},{\"APPLICATION\":\"36-Pearl Controller Reporting\",\"TIMESLOT\":\"8:00 to 9:00\",\"CREATIONSLOT\":8,\"STATUS\":\"Completed\"},{\"APPLICATION\":\"36-Pearl Controller Reporting\",\"TIMESLOT\":\"8:00 to 9:00\",\"CREATIONSLOT\":8,\"STATUS\":\"Completed\"},{\"APPLICATION\":\"36-Pearl Controller Reporting\",\"TIMESLOT\":\"8:00 to 9:00\",\"CREATIONSLOT\":8,\"STATUS\":\"Completed\"},{\"APPLICATION\":\"36-Pearl Controller Reporting\",\"TIMESLOT\":\"8:00 to 9:00\",\"CREATIONSLOT\":8,\"STATUS\":\"Completed\"},{\"APPLICATION\":\"36-Pearl Controller Reporting\",\"TIMESLOT\":\"8:00 to 9:00\",\"CREATIONSLOT\":8,\"STATUS\":\"Completed\"},{\"APPLICATION\":\"36-Pearl Controller Reporting\",\"TIMESLOT\":\"8:00 to 9:00\",\"CREATIONSLOT\":8,\"STATUS\":\"Completed\"},{\"APPLICATION\":\"81-FRS\",\"TIMESLOT\":\"8:00 to 9:00\",\"CREATIONSLOT\":8,\"STATUS\":\"Completed\"},{\"APPLICATION\":\"81-FRS\",\"TIMESLOT\":\"8:00 to 9:00\",\"CREATIONSLOT\":8,\"STATUS\":\"Completed\"},{\"APPLICATION\":\"102-Journal Data Lake\",\"TIMESLOT\":\"8:00 to 9:00\",\"CREATIONSLOT\":8,\"STATUS\":\"Completed\"},{\"APPLICATION\":\"75-RRI\",\"TIMESLOT\":\"8:00 to 9:00\",\"CREATIONSLOT\":8,\"STATUS\":\"Completed\"},{\"APPLICATION\":\"75-RRI\",\"TIMESLOT\":\"8:00 to 9:00\",\"CREATIONSLOT\":8,\"STATUS\":\"Completed\"},{\"APPLICATION\":\"37-APSS Standard Report\",\"TIMESLOT\":\"8:00 to 9:00\",\"CREATIONSLOT\":8,\"STATUS\":\"Failed\"},{\"APPLICATION\":\"16-BAW Reporting\",\"TIMESLOT\":\"9:00 to 10:00\",\"CREATIONSLOT\":9,\"STATUS\":\"Completed\"},{\"APPLICATION\":\"16-BAW Reporting\",\"TIMESLOT\":\"9:00 to 10:00\",\"CREATIONSLOT\":9,\"STATUS\":\"Completed\"},{\"APPLICATION\":\"16-BAW Reporting\",\"TIMESLOT\":\"9:00 to 10:00\",\"CREATIONSLOT\":9,\"STATUS\":\"Completed\"},{\"APPLICATION\":\"16-BAW Reporting\",\"TIMESLOT\":\"9:00 to 10:00\",\"CREATIONSLOT\":9,\"STATUS\":\"Completed\"},{\"APPLICATION\":\"16-BAW Reporting\",\"TIMESLOT\":\"9:00 to 10:00\",\"CREATIONSLOT\":9,\"STATUS\":\"Failed\"},{\"APPLICATION\":\"36-Pearl Controller Reporting\",\"TIMESLOT\":\"9:00 to 10:00\",\"CREATIONSLOT\":9,\"STATUS\":\"Completed\"},{\"APPLICATION\":\"36-Pearl Controller Reporting\",\"TIMESLOT\":\"9:00 to 10:00\",\"CREATIONSLOT\":9,\"STATUS\":\"Completed\"},{\"APPLICATION\":\"36-Pearl Controller Reporting\",\"TIMESLOT\":\"9:00 to 10:00\",\"CREATIONSLOT\":9,\"STATUS\":\"Completed\"},{\"APPLICATION\":\"36-Pearl Controller Reporting\",\"TIMESLOT\":\"9:00 to 10:00\",\"CREATIONSLOT\":9,\"STATUS\":\"Completed\"},{\"APPLICATION\":\"42-Pearl Reporting Universe\",\"TIMESLOT\":\"9:00 to 10:00\",\"CREATIONSLOT\":9,\"STATUS\":\"Failed\"},{\"APPLICATION\":\"19-Tech Support\",\"TIMESLOT\":\"9:00 to 10:00\",\"CREATIONSLOT\":9,\"STATUS\":\"Timedout\"},{\"APPLICATION\":\"19-Tech Support\",\"TIMESLOT\":\"9:00 to 10:00\",\"CREATIONSLOT\":9,\"STATUS\":\"Completed\"},{\"APPLICATION\":\"81-FRS\",\"TIMESLOT\":\"9:00 to 10:00\",\"CREATIONSLOT\":9,\"STATUS\":\"Completed\"},{\"APPLICATION\":\"81-FRS\",\"TIMESLOT\":\"9:00 to 10:00\",\"CREATIONSLOT\":9,\"STATUS\":\"Completed\"},{\"APPLICATION\":\"81-FRS\",\"TIMESLOT\":\"9:00 to 10:00\",\"CREATIONSLOT\":9,\"STATUS\":\"Completed\"},{\"APPLICATION\":\"81-FRS\",\"TIMESLOT\":\"9:00 to 10:00\",\"CREATIONSLOT\":9,\"STATUS\":\"Completed\"},{\"APPLICATION\":\"81-FRS\",\"TIMESLOT\":\"9:00 to 10:00\",\"CREATIONSLOT\":9,\"STATUS\":\"Completed\"},{\"APPLICATION\":\"81-FRS\",\"TIMESLOT\":\"9:00 to 10:00\",\"CREATIONSLOT\":9,\"STATUS\":\"Completed\"},{\"APPLICATION\":\"154-Inquiry Sandbox\",\"TIMESLOT\":\"9:00 to 10:00\",\"CREATIONSLOT\":9,\"STATUS\":\"Failed\"},{\"APPLICATION\":\"75-RRI\",\"TIMESLOT\":\"9:00 to 10:00\",\"CREATIONSLOT\":9,\"STATUS\":\"Completed\"},{\"APPLICATION\":\"75-RRI\",\"TIMESLOT\":\"9:00 to 10:00\",\"CREATIONSLOT\":9,\"STATUS\":\"Completed\"},{\"APPLICATION\":\"37-APSS Standard Report\",\"TIMESLOT\":\"9:00 to 10:00\",\"CREATIONSLOT\":9,\"STATUS\":\"Completed\"},{\"APPLICATION\":\"1-Finance Backbone\",\"TIMESLOT\":\"10:00 to 11:00\",\"CREATIONSLOT\":10,\"STATUS\":\"Failed\"},{\"APPLICATION\":\"1-Finance Backbone\",\"TIMESLOT\":\"10:00 to 11:00\",\"CREATIONSLOT\":10,\"STATUS\":\"Completed\"},{\"APPLICATION\":\"1-Finance Backbone\",\"TIMESLOT\":\"10:00 to 11:00\",\"CREATIONSLOT\":10,\"STATUS\":\"Completed\"},{\"APPLICATION\":\"36-Pearl Controller Reporting\",\"TIMESLOT\":\"10:00 to 11:00\",\"CREATIONSLOT\":10,\"STATUS\":\"Completed\"},{\"APPLICATION\":\"42-Pearl Reporting Universe\",\"TIMESLOT\":\"10:00 to 11:00\",\"CREATIONSLOT\":10,\"STATUS\":\"Failed\"},{\"APPLICATION\":\"42-Pearl Reporting Universe\",\"TIMESLOT\":\"10:00 to 11:00\",\"CREATIONSLOT\":10,\"STATUS\":\"Failed\"},{\"APPLICATION\":\"63-Enterprise DQ Reporting\",\"TIMESLOT\":\"10:00 to 11:00\",\"CREATIONSLOT\":10,\"STATUS\":\"Completed\"},{\"APPLICATION\":\"19-Tech Support\",\"TIMESLOT\":\"10:00 to 11:00\",\"CREATIONSLOT\":10,\"STATUS\":\"Completed\"},{\"APPLICATION\":\"19-Tech Support\",\"TIMESLOT\":\"10:00 to 11:00\",\"CREATIONSLOT\":10,\"STATUS\":\"Timedout\"},{\"APPLICATION\":\"19-Tech Support\",\"TIMESLOT\":\"10:00 to 11:00\",\"CREATIONSLOT\":10,\"STATUS\":\"Completed\"},{\"APPLICATION\":\"95-Global Liquidity Reporting System\",\"TIMESLOT\":\"10:00 to 11:00\",\"CREATIONSLOT\":10,\"STATUS\":\"Completed\"},{\"APPLICATION\":\"95-Global Liquidity Reporting System\",\"TIMESLOT\":\"10:00 to 11:00\",\"CREATIONSLOT\":10,\"STATUS\":\"Completed\"},{\"APPLICATION\":\"154-Inquiry Sandbox\",\"TIMESLOT\":\"10:00 to 11:00\",\"CREATIONSLOT\":10,\"STATUS\":\"Completed\"},{\"APPLICATION\":\"154-Inquiry Sandbox\",\"TIMESLOT\":\"10:00 to 11:00\",\"CREATIONSLOT\":10,\"STATUS\":\"Completed\"},{\"APPLICATION\":\"154-Inquiry Sandbox\",\"TIMESLOT\":\"10:00 to 11:00\",\"CREATIONSLOT\":10,\"STATUS\":\"Completed\"},{\"APPLICATION\":\"154-Inquiry Sandbox\",\"TIMESLOT\":\"10:00 to 11:00\",\"CREATIONSLOT\":10,\"STATUS\":\"Completed\"},{\"APPLICATION\":\"154-Inquiry Sandbox\",\"TIMESLOT\":\"10:00 to 11:00\",\"CREATIONSLOT\":10,\"STATUS\":\"Completed\"},{\"APPLICATION\":\"154-Inquiry Sandbox\",\"TIMESLOT\":\"10:00 to 11:00\",\"CREATIONSLOT\":10,\"STATUS\":\"Completed\"},{\"APPLICATION\":\"154-Inquiry Sandbox\",\"TIMESLOT\":\"10:00 to 11:00\",\"CREATIONSLOT\":10,\"STATUS\":\"Completed\"},{\"APPLICATION\":\"154-Inquiry Sandbox\",\"TIMESLOT\":\"10:00 to 11:00\",\"CREATIONSLOT\":10,\"STATUS\":\"Completed\"},{\"APPLICATION\":\"154-Inquiry Sandbox\",\"TIMESLOT\":\"10:00 to 11:00\",\"CREATIONSLOT\":10,\"STATUS\":\"Completed\"},{\"APPLICATION\":\"154-Inquiry Sandbox\",\"TIMESLOT\":\"10:00 to 11:00\",\"CREATIONSLOT\":10,\"STATUS\":\"Completed\"},{\"APPLICATION\":\"154-Inquiry Sandbox\",\"TIMESLOT\":\"10:00 to 11:00\",\"CREATIONSLOT\":10,\"STATUS\":\"Completed\"},{\"APPLICATION\":\"154-Inquiry Sandbox\",\"TIMESLOT\":\"10:00 to 11:00\",\"CREATIONSLOT\":10,\"STATUS\":\"Completed\"},{\"APPLICATION\":\"154-Inquiry Sandbox\",\"TIMESLOT\":\"10:00 to 11:00\",\"CREATIONSLOT\":10,\"STATUS\":\"Completed\"},{\"APPLICATION\":\"154-Inquiry Sandbox\",\"TIMESLOT\":\"10:00 to 11:00\",\"CREATIONSLOT\":10,\"STATUS\":\"Completed\"},{\"APPLICATION\":\"154-Inquiry Sandbox\",\"TIMESLOT\":\"10:00 to 11:00\",\"CREATIONSLOT\":10,\"STATUS\":\"Completed\"},{\"APPLICATION\":\"154-Inquiry Sandbox\",\"TIMESLOT\":\"10:00 to 11:00\",\"CREATIONSLOT\":10,\"STATUS\":\"Completed\"},{\"APPLICATION\":\"154-Inquiry Sandbox\",\"TIMESLOT\":\"10:00 to 11:00\",\"CREATIONSLOT\":10,\"STATUS\":\"Completed\"},{\"APPLICATION\":\"154-Inquiry Sandbox\",\"TIMESLOT\":\"10:00 to 11:00\",\"CREATIONSLOT\":10,\"STATUS\":\"Completed\"},{\"APPLICATION\":\"154-Inquiry Sandbox\",\"TIMESLOT\":\"10:00 to 11:00\",\"CREATIONSLOT\":10,\"STATUS\":\"Completed\"},{\"APPLICATION\":\"154-Inquiry Sandbox\",\"TIMESLOT\":\"10:00 to 11:00\",\"CREATIONSLOT\":10,\"STATUS\":\"Completed\"},{\"APPLICATION\":\"154-Inquiry Sandbox\",\"TIMESLOT\":\"10:00 to 11:00\",\"CREATIONSLOT\":10,\"STATUS\":\"Completed\"},{\"APPLICATION\":\"154-Inquiry Sandbox\",\"TIMESLOT\":\"10:00 to 11:00\",\"CREATIONSLOT\":10,\"STATUS\":\"Completed\"},{\"APPLICATION\":\"154-Inquiry Sandbox\",\"TIMESLOT\":\"10:00 to 11:00\",\"CREATIONSLOT\":10,\"STATUS\":\"Completed\"},{\"APPLICATION\":\"154-Inquiry Sandbox\",\"TIMESLOT\":\"10:00 to 11:00\",\"CREATIONSLOT\":10,\"STATUS\":\"Completed\"},{\"APPLICATION\":\"154-Inquiry Sandbox\",\"TIMESLOT\":\"10:00 to 11:00\",\"CREATIONSLOT\":10,\"STATUS\":\"Completed\"},{\"APPLICATION\":\"154-Inquiry Sandbox\",\"TIMESLOT\":\"10:00 to 11:00\",\"CREATIONSLOT\":10,\"STATUS\":\"Completed\"},{\"APPLICATION\":\"102-Journal Data Lake\",\"TIMESLOT\":\"10:00 to 11:00\",\"CREATIONSLOT\":10,\"STATUS\":\"Failed\"},{\"APPLICATION\":\"102-Journal Data Lake\",\"TIMESLOT\":\"10:00 to 11:00\",\"CREATIONSLOT\":10,\"STATUS\":\"Failed\"},{\"APPLICATION\":\"75-RRI\",\"TIMESLOT\":\"10:00 to 11:00\",\"CREATIONSLOT\":10,\"STATUS\":\"Completed\"},{\"APPLICATION\":\"75-RRI\",\"TIMESLOT\":\"10:00 to 11:00\",\"CREATIONSLOT\":10,\"STATUS\":\"Executing\"},{\"APPLICATION\":\"75-RRI\",\"TIMESLOT\":\"10:00 to 11:00\",\"CREATIONSLOT\":10,\"STATUS\":\"Completed\"},{\"APPLICATION\":\"75-RRI\",\"TIMESLOT\":\"10:00 to 11:00\",\"CREATIONSLOT\":10,\"STATUS\":\"Failed\"},{\"APPLICATION\":\"75-RRI\",\"TIMESLOT\":\"10:00 to 11:00\",\"CREATIONSLOT\":10,\"STATUS\":\"Failed\"},{\"APPLICATION\":\"75-RRI\",\"TIMESLOT\":\"10:00 to 11:00\",\"CREATIONSLOT\":10,\"STATUS\":\"Failed\"},{\"APPLICATION\":\"75-RRI\",\"TIMESLOT\":\"10:00 to 11:00\",\"CREATIONSLOT\":10,\"STATUS\":\"Failed\"},{\"APPLICATION\":\"37-APSS Standard Report\",\"TIMESLOT\":\"10:00 to 11:00\",\"CREATIONSLOT\":10,\"STATUS\":\"Completed\"},{\"APPLICATION\":\"37-APSS Standard Report\",\"TIMESLOT\":\"10:00 to 11:00\",\"CREATIONSLOT\":10,\"STATUS\":\"Completed\"},{\"APPLICATION\":\"37-APSS Standard Report\",\"TIMESLOT\":\"10:00 to 11:00\",\"CREATIONSLOT\":10,\"STATUS\":\"Completed\"}]}},\"success\":true,\"errmsg\":null,\"errorCode\":null,\"metaData\":{\"baseParams\":{\"DASHBOARD_ID\":\"1907\"},\"filterFields\":{\"RUN_DATE\":\"2018-01-30\"},\"columns\":[{\"columnName\":\"APPLICATION\",\"type\":\"VARCHAR2\"},{\"columnName\":\"TIMESLOT\",\"type\":\"VARCHAR2\"},{\"columnName\":\"CREATIONSLOT\",\"type\":\"NUMBER\"},{\"columnName\":\"STATUS\",\"type\":\"VARCHAR2\"}],\"fields\":[]},\"structure\":{\"tables\":{\"ReportDashboard\":\"([APPLICATION]  text, [TIMESLOT]  text, [CREATIONSLOT]  text, [STATUS]  text)\"},\"otherSQL\":{}},\"userMessage\":[]}",
	"responseState": "DONE"
}