{
	"status": "200",
	"statusText": "200 No Error",
	"headers": "",
	"responseText":"{\"data\":[{\"apiVersion\":{\"version\":\"0.4.1\"},\"mobileapp\":{\"appName\":\"Digital Apps Mobile\",\"appId\":\"DAM2\",\"applications\":[{\"appId\":\"18\",\"applicationName\":\"Genesis\",\"dashboards\":[{\"default\":true,\"showFilter\":true,\"pages\":[{\"defaultSizeY\":1,\"defaultSizeX\":2,\"index\":1,\"pageId\":\"18061\",\"columns\":6,\"grid\":[{\"col\":0,\"sizeY\":2,\"width\":300,\"sizeX\":3,\"table\":false,\"stabColumns\":[],\"type\":\"pie\",\"row\":0,\"chartId\":\"C180611\",\"title\":\"Rejection Rates\",\"height\":300,\"toShow\":true,\"dimensionsKeys\":[\"LABEL\"],\"groupKeys\":[\"COUNT\"],\"filter\":[{\"filters\":[\"all\"],\"filterCategory\":\"Rejection Rates\"}]}],\"margins\":[20,20]}],\"dashboardName\":\"Rejection Rates\",\"subscribed\":true,\"dashboardVersion\":2,\"filters\":[{\"filterParams\":{\"values\":[{\"value\":\"GLOBAL\",\"key\":\"DOMAIN_CODE\"}]},\"filterId\":8,\"filterLabel\":\"Domain\",\"mandatory\":true,\"defaultValue\":\"GLOBAL\",\"filterPrompt\":\"DOMAIN_CODE\",\"filterType\":\"STRING\"},{\"filterParams\":{\"values\":[{\"key\":\"min\",\"value\":\"01-01-2016\"},{\"key\":\"max\",\"value\":\"31-12-2050\"}]},\"filterId\":1,\"filterLabel\":\"AS_OF_DATE\",\"mandatory\":true,\"defaultValue\":null,\"filterPrompt\":\"AS_OF_DATE\",\"filterType\":\"DATE\"}],\"dashboardId\":\"D1806\"},{\"default\":true,\"showFilter\":true,\"pages\":[{\"defaultSizeY\":1,\"defaultSizeX\":2,\"index\":1,\"pageId\":\"18031\",\"columns\":6,\"grid\":[{\"col\":0,\"sizeY\":2,\"width\":300,\"sizeX\":3,\"table\":false,\"stabColumns\":[],\"type\":\"pie\",\"row\":0,\"chartId\":\"C180311\",\"title\":\"SLA Status By Region\",\"height\":300,\"toShow\":true,\"dimensionsKeys\":[\"REGION\"],\"groupKeys\":[\"Breach\"],\"filter\":[{\"filters\":[\"all\"],\"filterCategory\":\"SLA Status By Region\"}]}],\"margins\":[20,20]}],\"dashboardName\":\"SLA Status By Region\",\"subscribed\":true,\"dashboardVersion\":2,\"filters\":[{\"filterParams\":{\"values\":[{\"value\":\"GLOBAL\",\"key\":\"DOMAIN_CODE\"}]},\"filterId\":8,\"filterLabel\":\"Domain\",\"mandatory\":true,\"defaultValue\":\"GLOBAL\",\"filterPrompt\":\"DOMAIN_CODE\",\"filterType\":\"STRING\"},{\"filterParams\":{\"values\":[{\"key\":\"min\",\"value\":\"01-01-2016\"},{\"key\":\"max\",\"value\":\"31-12-2050\"}]},\"filterId\":1,\"filterLabel\":\"AS_OF_DATE\",\"mandatory\":true,\"defaultValue\":null,\"filterPrompt\":\"AS_OF_DATE\",\"filterType\":\"DATE\"}],\"dashboardId\":\"D1803\"},{\"default\":true,\"showFilter\":true,\"pages\":[{\"defaultSizeY\":1,\"defaultSizeX\":2,\"index\":1,\"pageId\":\"18041\",\"columns\":6,\"grid\":[{\"col\":0,\"sizeY\":2,\"width\":300,\"sizeX\":3,\"table\":false,\"stabColumns\":[],\"type\":\"pie\",\"row\":0,\"chartId\":\"C180411\",\"title\":\"Most Active Data Sources\",\"height\":300,\"toShow\":true,\"dimensionsKeys\":[\"LABEL\"],\"groupKeys\":[\"COUNT\"],\"filter\":[{\"filters\":[\"all\"],\"filterCategory\":\"Most Active Data Sources\"}]}],\"margins\":[20,20]}],\"dashboardName\":\"Most Active DataSources\",\"subscribed\":true,\"dashboardVersion\":2,\"filters\":[{\"filterParams\":{\"values\":[{\"value\":\"GLOBAL\",\"key\":\"DOMAIN_CODE\"}]},\"filterId\":8,\"filterLabel\":\"Domain\",\"mandatory\":true,\"defaultValue\":\"GLOBAL\",\"filterPrompt\":\"DOMAIN_CODE\",\"filterType\":\"STRING\"},{\"filterParams\":{\"values\":[{\"key\":\"min\",\"value\":\"01-01-2016\"},{\"key\":\"max\",\"value\":\"31-12-2050\"}]},\"filterId\":1,\"filterLabel\":\"AS_OF_DATE\",\"mandatory\":true,\"defaultValue\":null,\"filterPrompt\":\"AS_OF_DATE\",\"filterType\":\"DATE\"}],\"dashboardId\":\"D1804\"},{\"default\":true,\"showFilter\":true,\"pages\":[{\"defaultSizeY\":1,\"defaultSizeX\":2,\"index\":1,\"pageId\":\"18051\",\"columns\":6,\"grid\":[{\"col\":0,\"sizeY\":2,\"width\":300,\"sizeX\":3,\"table\":false,\"stabColumns\":[],\"type\":\"pie\",\"row\":0,\"chartId\":\"C180511\",\"title\":\"SLA Status By Feed ID\",\"height\":300,\"toShow\":true,\"dimensionsKeys\":[\"FEED_TYP\"],\"groupKeys\":[\"Breach\"],\"filter\":[{\"filters\":[\"all\"],\"filterCategory\":\"SLA Status By Feed ID\"}]}],\"margins\":[20,20]}],\"dashboardName\":\"SLA Status By Feed ID\",\"subscribed\":true,\"dashboardVersion\":1,\"filters\":[{\"filterParams\":{\"values\":[{\"value\":\"GLOBAL\",\"key\":\"DOMAIN_CODE\"}]},\"filterId\":8,\"filterLabel\":\"Domain\",\"mandatory\":true,\"defaultValue\":\"GLOBAL\",\"filterPrompt\":\"DOMAIN_CODE\",\"filterType\":\"STRING\"},{\"filterParams\":{\"values\":[{\"key\":\"min\",\"value\":\"01-01-2016\"},{\"key\":\"max\",\"value\":\"31-12-2050\"}]},\"filterId\":1,\"filterLabel\":\"AS_OF_DATE\",\"mandatory\":true,\"defaultValue\":null,\"filterPrompt\":\"AS_OF_DATE\",\"filterType\":\"DATE\"}],\"dashboardId\":\"D1805\"},{\"default\":true,\"showFilter\":true,\"pages\":[{\"defaultSizeY\":1,\"defaultSizeX\":2,\"index\":1,\"pageId\":\"18001\",\"columns\":6,\"grid\":[{\"col\":0,\"sizeY\":2,\"width\":300,\"sizeX\":3,\"table\":false,\"stabColumns\":[],\"type\":\"pie\",\"row\":0,\"chartId\":\"C180010\",\"title\":\"DA By SLA Status\",\"height\":300,\"toShow\":true,\"dimensionsKeys\":[\"LABEL\"],\"groupKeys\":[\"VALUE\"],\"filter\":[{\"filters\":[\"all\"],\"filterCategory\":\"DA By SLA Status\"}]}],\"margins\":[20,20]}],\"dashboardName\":\"SLA Analysis\",\"subscribed\":true,\"dashboardVersion\":3,\"filters\":[{\"filterParams\":{\"values\":[{\"value\":\"GLOBAL\",\"key\":\"DOMAIN_CODE\"}]},\"filterId\":8,\"filterLabel\":\"Domain\",\"mandatory\":true,\"defaultValue\":\"GLOBAL\",\"filterPrompt\":\"DOMAIN_CODE\",\"filterType\":\"STRING\"},{\"filterParams\":{\"values\":[{\"key\":\"min\",\"value\":\"01-01-2016\"},{\"key\":\"max\",\"value\":\"31-12-2050\"}]},\"filterId\":1,\"filterLabel\":\"AS_OF_DATE\",\"mandatory\":true,\"defaultValue\":null,\"filterPrompt\":\"AS_OF_DATE\",\"filterType\":\"DATE\"}],\"dashboardId\":\"D1800\"},{\"default\":true,\"showFilter\":true,\"pages\":[{\"defaultSizeY\":1,\"defaultSizeX\":2,\"index\":1,\"pageId\":\"18011\",\"columns\":6,\"grid\":[{\"col\":0,\"sizeY\":2,\"width\":300,\"sizeX\":3,\"table\":false,\"stabColumns\":[],\"type\":\"pie\",\"row\":0,\"chartId\":\"C180110\",\"title\":\"DA By FEED Status\",\"height\":300,\"toShow\":true,\"dimensionsKeys\":[\"LABEL\"],\"groupKeys\":[\"VALUE\"],\"filter\":[{\"filters\":[\"all\"],\"filterCategory\":\"DA By FEED Status\"}]}],\"margins\":[20,20]}],\"dashboardName\":\"FEED Analysis\",\"subscribed\":true,\"dashboardVersion\":6,\"filters\":[{\"filterParams\":{\"values\":[{\"value\":\"GLOBAL\",\"key\":\"DOMAIN_CODE\"}]},\"filterId\":8,\"filterLabel\":\"Domain\",\"mandatory\":true,\"defaultValue\":\"GLOBAL\",\"filterPrompt\":\"DOMAIN_CODE\",\"filterType\":\"STRING\"},{\"filterParams\":{\"values\":[{\"key\":\"min\",\"value\":\"01-01-2016\"},{\"key\":\"max\",\"value\":\"31-12-2050\"}]},\"filterId\":1,\"filterLabel\":\"AS_OF_DATE\",\"mandatory\":true,\"defaultValue\":null,\"filterPrompt\":\"AS_OF_DATE\",\"filterType\":\"DATE\"}],\"dashboardId\":\"D1801\"},{\"default\":true,\"showFilter\":true,\"pages\":[{\"defaultSizeY\":1,\"defaultSizeX\":2,\"index\":1,\"pageId\":\"18021\",\"columns\":6,\"grid\":[{\"col\":0,\"sizeY\":2,\"width\":300,\"sizeX\":3,\"table\":false,\"stabColumns\":[],\"type\":\"pie\",\"row\":0,\"chartId\":\"C180211\",\"title\":\"SLA Status\",\"height\":300,\"toShow\":true,\"dimensionsKeys\":[\"SLASTATUS\"],\"groupKeys\":[\"SLASTATUS\"],\"filter\":[{\"filters\":[\"all\"],\"filterCategory\":\"SLA Status\"}]},{\"col\":4,\"sizeY\":2,\"width\":300,\"sizeX\":3,\"table\":true,\"stabColumns\":[\"SOURCE\",\"SLASTATUS\"],\"type\":\"stab\",\"row\":2,\"chartId\":\"C180213\",\"title\":\"Most Active Sources\",\"height\":300,\"toShow\":true,\"dimensionsKeys\":[\"REGION\"],\"groupKeys\":[\"FEEDTYPE\"],\"filter\":[{\"filters\":[\"all\"],\"filterCategory\":\"Most Active Sources\"}]},{\"col\":0,\"sizeY\":2,\"width\":300,\"sizeX\":3,\"table\":false,\"stabColumns\":[],\"type\":\"stackbar\",\"row\":2,\"chartId\":\"C180214\",\"title\":\"Feed Type Status\",\"height\":300,\"toShow\":true,\"dimensionsKeys\":[\"FEEDTYPE\"],\"groupKeys\":[\"SLASTATUS\"],\"filter\":[{\"filters\":[\"all\"],\"filterCategory\":\"Feed Type Status\"}]},{\"col\":3,\"sizeY\":2,\"width\":300,\"sizeX\":3,\"table\":false,\"stabColumns\":[],\"type\":\"stackbar\",\"row\":0,\"chartId\":\"C180212\",\"title\":\"Regional Status\",\"height\":300,\"toShow\":true,\"dimensionsKeys\":[\"REGION\"],\"groupKeys\":[\"SLASTATUS\"],\"filter\":[{\"filters\":[\"all\"],\"filterCategory\":\"Regional Status\"}]}],\"margins\":[20,20]},{\"defaultSizeY\":1,\"defaultSizeX\":2,\"index\":2,\"pageId\":\"18022\",\"columns\":6,\"grid\":[{\"col\":0,\"sizeY\":4,\"width\":300,\"sizeX\":2,\"table\":false,\"stabColumns\":[],\"type\":\"pie\",\"row\":0,\"chartId\":\"C180221\",\"title\":\"Feed Status\",\"height\":300,\"toShow\":true,\"dimensionsKeys\":[\"FEEDSTATUS\"],\"groupKeys\":[\"FEEDSTATUS\"],\"filter\":[{\"filters\":[\"all\"],\"filterCategory\":\"Feed Status\"}]},{\"col\":2,\"sizeY\":4,\"width\":300,\"sizeX\":4,\"table\":true,\"stabColumns\":[\"FEEDID\",\"SOURCE\",\"SLASTATUS\",\"CURRENTPROCESS\",\"PROCESSINGTYPE\"],\"type\":\"stab\",\"row\":0,\"chartId\":\"C180222\",\"title\":\"Data Acqusition Feeds\",\"height\":300,\"toShow\":true,\"dimensionsKeys\":[\"FEEDID\"],\"groupKeys\":[\"FEEDID\"],\"filter\":[{\"filters\":[\"all\"],\"filterCategory\":\"Data Acqusition Feeds\"}]}],\"margins\":[20,20]}],\"dashboardName\":\"Filter  Analysis\",\"subscribed\":true,\"dashboardVersion\":5,\"filters\":[{\"filterParams\":{\"values\":[{\"value\":\"GLOBAL\",\"key\":\"DOMAIN_CODE\"}]},\"filterId\":8,\"filterLabel\":\"Domain\",\"mandatory\":true,\"defaultValue\":\"GLOBAL\",\"filterPrompt\":\"DOMAIN_CODE\",\"filterType\":\"STRING\"},{\"filterParams\":{\"values\":[{\"key\":\"min\",\"value\":\"01-01-2016\"},{\"key\":\"max\",\"value\":\"31-12-2050\"}]},\"filterId\":1,\"filterLabel\":\"AS_OF_DATE\",\"mandatory\":true,\"defaultValue\":null,\"filterPrompt\":\"AS_OF_DATE\",\"filterType\":\"DATE\"}],\"dashboardId\":\"D1802\"}]},{\"appId\":\"19\",\"applicationName\":\"Tech Support\",\"dashboards\":[{\"default\":true,\"showFilter\":true,\"pages\":[{\"defaultSizeY\":1,\"defaultSizeX\":2,\"index\":1,\"pageId\":\"19071\",\"columns\":6,\"grid\":[{\"col\":3,\"sizeY\":2,\"width\":300,\"sizeX\":3,\"table\":false,\"stabColumns\":[],\"type\":\"pie\",\"row\":0,\"chartId\":\"C190713\",\"title\":\"Report Execution By Application\",\"height\":300,\"toShow\":true,\"dimensionsKeys\":[\"APPLICATION\"],\"groupKeys\":[\"STATUS\"],\"filter\":[{\"filters\":[\"all\"],\"filterCategory\":\"Report Execution By Application\"}]},{\"col\":0,\"sizeY\":2,\"width\":300,\"sizeX\":3,\"table\":false,\"stabColumns\":[],\"type\":\"stackbar\",\"row\":2,\"chartId\":\"C190711\",\"title\":\"Report Hourly Execution\",\"height\":300,\"toShow\":true,\"dimensionsKeys\":[\"TIMESLOT\"],\"groupKeys\":[\"STATUS\"],\"filter\":[{\"filters\":[\"all\"],\"filterCategory\":\"Report Hourly Execution\"}]},{\"col\":3,\"sizeY\":2,\"width\":300,\"sizeX\":3,\"table\":false,\"stabColumns\":[],\"type\":\"stackbar\",\"row\":2,\"chartId\":\"C190714\",\"title\":\"Report Execution Status By Application\",\"height\":300,\"toShow\":true,\"dimensionsKeys\":[\"APPLICATION\"],\"groupKeys\":[\"STATUS\"],\"filter\":[{\"filters\":[\"all\"],\"filterCategory\":\"Report Execution Status By Application\"}]},{\"col\":0,\"sizeY\":2,\"width\":300,\"sizeX\":3,\"table\":false,\"stabColumns\":[],\"type\":\"pie\",\"row\":0,\"chartId\":\"C190712\",\"title\":\"Report Execution Status\",\"height\":300,\"toShow\":true,\"dimensionsKeys\":[\"STATUS\"],\"groupKeys\":[\"TIMESLOT\"],\"filter\":[{\"filters\":[\"all\"],\"filterCategory\":\"Report Execution Status\"}]}],\"margins\":[20,20]}],\"dashboardName\":\"Report Dashboard\",\"subscribed\":true,\"dashboardVersion\":14,\"filters\":[{\"filterParams\":{\"values\":[{\"value\":\"DEV2\",\"key\":\"DOMAIN_CODE\"},{\"value\":\"PROD\",\"key\":\"DOMAIN_CODE\"}]},\"filterId\":2,\"filterLabel\":\"Domain\",\"mandatory\":true,\"defaultValue\":\"DEV2\",\"filterPrompt\":\"DOMAIN_CODE\",\"filterType\":\"STRING\"},{\"filterParams\":{\"values\":[{\"key\":\"min\",\"value\":\"01-01-2016\"},{\"key\":\"max\",\"value\":\"31-12-2050\"}]},\"filterId\":1,\"filterLabel\":\"Report Run Date\",\"mandatory\":true,\"defaultValue\":null,\"filterPrompt\":\"RUN_DATE\",\"filterType\":\"DATE\"}],\"dashboardId\":\"D1907\"},{\"default\":true,\"showFilter\":true,\"pages\":[{\"defaultSizeY\":1,\"defaultSizeX\":2,\"index\":1,\"pageId\":\"19001\",\"columns\":6,\"grid\":[{\"col\":0,\"sizeY\":2,\"width\":300,\"sizeX\":3,\"table\":false,\"stabColumns\":[],\"type\":\"pie\",\"row\":0,\"chartId\":\"C190012\",\"title\":\"Health Monitor Status\",\"height\":300,\"toShow\":true,\"dimensionsKeys\":[\"EVENT_STATUS\"],\"groupKeys\":[\"EVENT_NAME\"],\"filter\":[{\"filters\":[\"all\"],\"filterCategory\":\"Health Monitor Status\"}]},{\"col\":3,\"sizeY\":2,\"width\":300,\"sizeX\":3,\"table\":false,\"stabColumns\":[],\"type\":\"pie\",\"row\":0,\"chartId\":\"C190014\",\"title\":\"Health Monitor by Node\",\"height\":300,\"toShow\":true,\"dimensionsKeys\":[\"EVENT_NODE\"],\"groupKeys\":[\"EVENT_NAME\"],\"filter\":[{\"filters\":[\"all\"],\"filterCategory\":\"Health Monitor by Node\"}]},{\"col\":0,\"sizeY\":2,\"width\":300,\"sizeX\":3,\"table\":false,\"stabColumns\":[],\"type\":\"stackbar\",\"row\":2,\"chartId\":\"C190011\",\"title\":\"Health Monitor Events\",\"height\":300,\"toShow\":true,\"dimensionsKeys\":[\"EVENT_NAME\"],\"groupKeys\":[\"EVENT_STATUS\"],\"filter\":[{\"filters\":[\"all\"],\"filterCategory\":\"Health Monitor Events\"}]},{\"col\":3,\"sizeY\":2,\"width\":300,\"sizeX\":3,\"table\":false,\"stabColumns\":[],\"type\":\"stackbar\",\"row\":2,\"chartId\":\"C190013\",\"title\":\"Health Monitor Status By Node\",\"height\":300,\"toShow\":true,\"dimensionsKeys\":[\"EVENT_NODE\"],\"groupKeys\":[\"EVENT_STATUS\"],\"filter\":[{\"filters\":[\"all\"],\"filterCategory\":\"Health Monitor Status By Node\"}]}],\"margins\":[20,20]}],\"dashboardName\":\"IFW Dashboard\",\"subscribed\":true,\"dashboardVersion\":8,\"filters\":[{\"filterParams\":{\"values\":[{\"value\":\"DEV2\",\"key\":\"DOMAIN_CODE\"},{\"value\":\"PROD\",\"key\":\"DOMAIN_CODE\"}]},\"filterId\":2,\"filterLabel\":\"Domain\",\"mandatory\":true,\"defaultValue\":\"DEV2\",\"filterPrompt\":\"DOMAIN_CODE\",\"filterType\":\"STRING\"}],\"dashboardId\":\"D1900\"}]}]},\"themes\":{\"themeName\":\"Smoke\",\"backGroundColor\":\"Grey\"},\"user\":{\"userId\":\"vs19704\",\"userName\":\"vs19704\"}}],\"success\":true,\"errmsg\":null,\"errorCode\":null,\"metaData\":null,\"userMessage\":[]}",
	"responseState": "DONE"
}